original_name	origin	en:france	en:belgium	en:germany	en:irland	en:italy	en:luxembourg	en:netherlands	en:spain	en:switzerland
Monde	en:world	0	0	0	0	0	0	0	0	0
Afghanistan	en:afghanistan	0	0	0	0	0	0	0	0	0
Afrique du Sud	en:south-africa	0	0	0	0	0	0	0	0	0
Albanie	en:albania	46	52	54	42	58	7	53	78	26
Algérie	en:algeria	31	49	49	37	56	40	48	71	49
Allemagne	en:germany	63	75	100	30	52	84	82	47	64
Andorre	en:andorra	59	42	18	4	48	43	34	69	16
Angola	en:angola	0	0	0	0	0	0	0	0	0
Anguilla	en:anguilla	47	47	47	38	33	38	46	49	25
Antarctique	en:antarctica	0	0	0	0	0	0	0	0	0
Antigua-et-Barbuda	en:antigua-and-barbuda	53	47	47	37	32	38	46	49	25
Antilles néerlandaises	en:caribbean-netherlands	52	38	38	54	23	29	37	41	16
Arabie Saoudite	en:saudi-arabia	0	20	20	7	24	11	19	32	17
Argentine	en:argentina	0	0	0	0	0	0	0	0	0
Arménie	en:armenia	21	3	3	0	20	0	2	26	13
Aruba	en:aruba	53	30	30	21	15	21	30	33	8
Australie	en:australia	0	0	0	0	0	0	0	0	0
Autriche	en:austria	65	45	58	16	63	53	44	51	61
Azerbaïdjan	en:azerbaijan	18	4	4	0	21	0	3	27	14
Bahamas	en:the-bahamas	54	43	43	34	25	34	43	42	18
Bahreïn	en:bahrain	29	44	44	31	48	35	43	56	40
Bande de Gaza		61	46	36	24	53	28	35	59	46
Bangladesh	en:bangladesh	13	26	26	13	30	17	23	38	22
Barbade	en:barbados	57	46	45	35	32	37	45	48	25
Belgique	en:belgium	85	100	76	51	45	89	92	21	71
Belize	en:belize	44	24	24	15	8	15	24	24	1
Bénin	en:benin	30	16	16	4	8	7	16	24	1
Bermudes	en:bermuda	0	54	54	45	36	46	54	53	29
Bhoutan	en:bhutan	0	0	0	0	1	0	0	9	0
Biélorussie	en:belarus	37	7	34	37	1	8	13	31	6
Bolivie	en:bolivia	0	0	0	0	0	0	0	0	0
Bosnie-Herzégovine	en:bosnia-and-herzegovina	43	21	28	30	58	27	21	66	40
Botswana	en:botswana	0	0	0	0	0	0	0	0	0
Brésil	en:brazil	0	0	0	0	0	0	0	0	0
Brunei	en:brunei	0	19	18	6	22	10	18	0	15
Bulgarie	en:bulgaria	15	25	25	13	42	16	24	49	35
Burkina Faso	en:burkina-faso	0	0	0	0	0	0	0	7	0
Burundi	en:burundi	0	0	0	0	0	0	0	0	0
Cambodge	en:cambodia	0	5	5	0	9	0	5	17	2
Cameroun	en:cameroon	1	12	12	0	4	3	11	20	0
Canada	en:canada	0	0	0	0	0	0	0	0	0
Cap-Vert	en:cape-verde	65	64	64	52	54	55	63	72	47
Chili	en:chile	0	0	0	0	0	0	0	0	0
Chine	en:china	0	0	0	0	0	0	0	0	0
Chypre	en:cyprus	37	43	43	32	60	35	43	67	53
Cité du Vatican	en:vatican-city	55	27	24	13	81	35	19	3	56
Colombie	en:colombia	13	0	0	0	0	0	0	0	0
Comores	en:comoros	24	43	43	30	47	34	43	56	40
Congo [RDC]	en:democratic-republic-of-the-congo	0	0	0	0	0	0	0	0	0
Congo [République]	en:republic-of-the-congo	8	0	0	0	0	0	0	0	0
Corée du Nord	en:north-korea	0	0	0	0	0	0	0	2	0
Corée du Sud	en:south-korea	0	0	0	0	1	0	0	9	0
Costa Rica	en:costa-rica	37	12	6	0	0	0	6	8	0
Côte d'Ivoire	en:cote-d-ivoire	37	29	29	38	21	20	29	37	14
Croatie	en:croatia	37	21	43	32	74	44	35	68	54
Cuba	en:cuba	37	17	7	9	0	0	6	6	0
Danemark	en:denmark	55	47	69	14	12	52	55	47	34
Djibouti	en:djibouti	47	47	47	34	51	38	46	59	44
Dominique	en:dominica	57	45	45	35	31	36	45	48	24
Eaux internationales	en:international-waters	0	0							
Égypte	en:egypt	33	0	0	0	12	0	0	19	5
Émirats arabes unis	en:united-arab-emirates	21	40	40	27	44	31	39	52	37
Équateur	en:ecuador	25	10	9	1	0	1	9	11	0
Érythrée	en:eritrea	50	55	55	42	59	46	55	67	52
Espagne	en:spain	58	21	52	41	13	16	13	100	20
Estonie	en:estonia	50	79	10	60	36	70	79	54	29
États-Unis	en:united-states	0	0	0	0	0	0	0	0	0
États-Unis, îles Vierges	en:virgin-islands-of-the-united-states	58	47	27	17	20	38	26	38	13
Éthiopie	en:ethiopia	17	22	22	9	26	13	21	34	19
Europe	en:european-union	8	8	75	6	53	2	57	35	62
Falkland Islands [Islas Malvinas] (Îles Malouines)	en:falkland-islands	0	6	6	0	0	0	5	14	0
Fidji	en:fiji	0	0	0	0	0	0	0	0	0
Finlande	en:finland	42	70	6	51	28	61	71	45	20
France	en:france	100	85	61	47	47	82	77	37	69
Gabon	en:gabon	35	11	11	0	3	2	10	19	0
Gambie	en:gambia	60	53	52	40	44	44	52	61	37
Géorgie	en:georgia	50	27	27	16	44	18	27	51	37
Géorgie du Sud et les îles Sandwich du Sud	en:south-georgia-and-the-south-sandwich-islands	0	9	9	0	0	0	8	17	0
Ghana	en:ghana	33	23	23	11	14	14	22	31	7
Gibraltar	en:gibraltar	78	76	76	64	72	67	75	90	65
Grèce	en:greece	24	53	53	41	24	44	52	76	63
Grenade	en:grenada	54	44	43	34	30	35	43	46	23
Groenland	en:greenland	11	63	64	55	35	55	63	52	28
Guadeloupe	en:guadeloupe	53	47	47	37	32	38	46	49	25
Guam	en:guam	0	0	0	0	0	0	0	0	0
Guatemala	en:guatemala	12	3	3	0	0	0	2	4	0
Guernesey	en:guernsey	76	91	90	77	56	82	90	74	49
Guinée	en:guinea	43	37	37	25	28	28	36	45	21
Guinée équatoriale	en:equatorial-guinea	48	32	31	20	23	23	31	40	16
Guinée-Bissau	en:guinea-bissau	69	55	55	43	47	46	55	64	40
Guyane	en:guyana	40	27	28	18	16	18	27	32	8
Haïti	en:haiti	30	38	38	29	22	29	37	38	15
Honduras	en:honduras	34	16	16	6	0	7	15	16	0
Hong Kong	en:hong-kong	0	17	17	4	21	8	16	29	14
Hongrie	en:hungary	48	32	60	14	58	39	32	49	48
Île Heard et îles McDonald	en:heard-island-and-mcdonald-islands	0	22	22	27	26	13	21	34	19
Îles Caïmans	en:cayman-islands	25	37	34	28	21	28	33	37	14
Îles Cocos [Keeling] (Îles)	en:cocos-keeling-islands	0	29	29	7	33	20	28	34	26
Îles Cook	en:cook-islands	0	14	14	54	0	5	13	15	0
Îles Féroé	en:faroe-islands	86	84	85	74	46	75	84	64	39
Îles Mariannes du Nord	en:northern-mariana-islands	0	0	0	0	0	0	0	10	0
Îles Marshall	en:marshall-islands	0	0	0	0	0	0	0	8	0
Îles Pitcairn	en:pitcairn	0								
Îles Salomon	en:solomon-islands	0	39	1	0	5	0	0	13	0
Îles Turques et Caïques	en:turks-and-caicos-islands	30	45	45	35	29	36	44	44	22
Îles Vierges britanniques	en:british-virgin-islands	56	47	47	37	32	38	46	48	25
Inde	en:india	0	0	0	0	0	0	0	5	0
Indonésie	en:indonesia	0	0	0	0	0	0	0	0	0
Irak	en:iraq	0	9	9	0	13	1	9	22	6
Iran	en:iran	0	4	7	0	11	0	6	19	4
Irlande	en:ireland	55	53	31	100	54	42	47	72	14
Islande	en:iceland	61	61	61	52	26	52	60	43	19
Israël	en:israel	58	37	36	25	53	28	36	60	46
Italie	en:italy	54	27	21	0	100	53	19	3	56
Jamaïque	en:jamaica	46	35	35	26	19	26	34	35	12
Japon	en:japan	0	0	0	0	0	0	0	0	0
Jersey	en:jersey	69	91	91	76	56	82	91	73	49
Jordanie	en:jordan	48	57	57	44	61	48	56	69	54
Kazakhstan	en:kazakhstan	0	0	0	0	0	0	0	0	0
Kenya	en:kenya	0	0	0	0	0	0	0	0	0
Kirghizistan	en:kyrgyzstan	0	0	0	0	0	0	0	0	0
Kiribati	en:kiribati	0	0	0	0	0	0	0	7	0
Kosovo	en:kosovo	41	44	44	33	62	35	44	68	55
Koweït	en:kuwait	25	39	39	26	43	30	38	51	36
L'île Bouvet	en:bouvet-island	0	0	0	0	0	0	0	0	0
L'île Christmas	en:christmas-island	0	26	26	14	30	17	26	39	23
L'île de Man	en:isle-of-man	80	86	86	81	53	78	86	71	46
L'île de Norfolk	en:norfolk-island	0	0	0	0	0	0	0	7	0
La Guyane française	en:french-guiana	47	38	38	27	26	29	37	43	19
Laos	en:laos	0	1	1	0	5	0	0	13	0
Le Salvador	en:el-salvador	29	16	16	7	1	7	15	17	0
Lesotho	en:lesotho	8	7	6	0	3	0	6	12	0
Lettonie	en:latvia	54	1	25	61	37	3	8	55	30
Liban	en:lebanon	62	43	42	31	60	34	42	66	52
Liberia	en:liberia	57	44	44	32	35	35	43	52	28
Libye	en:libya	30	21	21	9	24	12	20	44	17
Liechtenstein	en:liechtenstein	12	64	64	17	76	70	57	13	91
Lituanie	en:lithuania	38	14	38	52	8	13	20	46	9
Luxembourg	en:luxembourg	82	89	77	40	54	100	84	16	80
Macao	en:macau	0	18	17	0	21	9	17	21	14
Macédoine [FYROM]	en:north-macedonia	60	38	7	29	47	32	40	65	11
Madagascar	en:madagascar	0	14	14	2	18	5	14	27	11
Malaisie	en:malaysia	0	16	16	4	20	8	16	29	13
Malawi	en:malawi	0	2	2	0	6	0	1	14	0
Maldives	en:maldives	23	44	44	31	48	35	43	56	41
Mali	en:mali	0	20	20	7	11	11	19	25	3
Malte	en:malta	59	60	60	49	76	52	60	84	68
Maroc	en:morocco	72	27	27	16	23	19	27	41	16
Martinique	en:martinique	58	46	46	36	32	37	45	48	24
Maurice	en:mauritius	20	38	38	25	42	29	38	50	35
Mauritanie	en:mauritania	38	51	51	38	42	42	50	56	34
Mayotte	en:mayotte	21	43	42	30	47	34	42	55	39
Mexique	en:mexico	0	0	0	0	0	0	0	0	0
Micronésie	en:federated-states-of-micronesia	0	4	4	0	8	0	3	16	1
Moldavie	en:moldova	20	32	32	21	50	24	32	56	42
Monaco	en:monaco	51	41	37	53	77	48	33	36	70
Monde	en:world	0	0	0				0		0
Mongolie	en:mongolia	0	0	0	0	0	0	0	0	0
Monténégro	en:montenegro	47	2	9	38	61	13	2	73	27
Montserrat	en:montserrat	54	47	47	37	33	38	46	49	25
Mozambique	en:mozambique	5	0	0	0	0	0	0	0	0
Myanmar [Birmanie]	en:myanmar	0	0	0	0	2	0	0	11	0
Namibie	en:namibia	3	0	0	0	0	0	0	0	0
Nauru	en:nauru	0	0	0	0	1	0	0	9	0
Népal	en:nepal	0	0	0	0	0	0	0	0	0
Nicaragua	en:nicaragua	21	5	5	0	0	0	5	7	0
Niger	en:niger	0	0	0	0	0	0	0	0	0
Nigeria	en:nigeria	11	2	1	0	0	0	1	10	0
Niue	en:niue	0	10	9	0	0	1	9	10	0
Norvège	en:norway	62	35	57	62	38	35	43	55	22
Nouvelle-Calédonie	en:new-caledonia	0	0	0	0	0	0	0	0	0
Nouvelle-Zélande	en:new-zealand	0	0	0	0	0	0	0	0	0
Oman	en:oman	15	20	20	12	24	11	19	37	17
Ouganda	en:uganda	0	0	0	0	0	0	0	0	0
Ouzbékistan	en:uzbekistan	0	0	0	0	0	0	0	0	0
Pakistan	en:pakistan	0	3	3	0	7	0	2	15	0
Palau	en:palau	0	9	9	0	13	0	9	24	6
Panama	en:panama	39	27	27	18	12	18	26	28	5
Papouasie-Nouvelle-Guinée	en:papua-new-guinea	0	0	0	0	0	0	0	0	0
Paraguay	en:paraguay	0	0	0	0	0	0	0	0	0
Pays-Bas	en:netherlands	76	89	82	52	37	83	100	13	63
Pérou	en:peru	0	0	0	0	0	0	0	0	0
Philippines	en:philippines	0	0	0	1	0	0	0	0	0
Pologne	en:poland	45	39	64	47	34	41	47	41	39
Polynésie française	en:french-polynesia	0	18	18	7	4	9	17	18	0
Porto Rico	en:puerto-rico	53	45	45	36	30	36	45	47	23
Portugal	en:portugal	46	71	71	60	60	62	71	69	53
Qatar	en:qatar	27	43	43	31	47	34	43	56	40
République centrafricaine	en:central-african-republic	0	0	0	0	0	0	0	0	0
République dominicaine	en:dominican-republic	51	38	38	28	22	29	37	38	15
République tchèque	en:czech-republic	65	55	75	6	53	63	57	35	62
Réunion	en:reunion	8	32	31	20	37	23	31	47	30
Roumanie	en:romania	8	35	7	23	17	26	34	58	14
Royaume-Uni	en:united-kingdom	76	73	51	79	17	63	67	13	34
Russie	en:russia	0	0	0	0	5	0	0	11	0
Rwanda	en:rwanda	0	0	0	0	0	0	0	0	0
Sahara occidental	en:western-sahara	53	47	47	35	39	38	47	54	32
Saint Vincent et les Grenadines	en:saint-vincent-and-the-grenadines	52	45	45	35	32	36	45	48	24
Saint-Christophe-et-Nevis	en:saint-kitts-and-nevis	0	47	47	37	32	38	46	49	25
Saint-Marin	en:san-marino	42	47	47	37	32	38	46	49	25
Saint-Pierre-et-Miquelon	en:saint-pierre-and-miquelon	32	65	65	56	44	56	65	60	37
Sainte-Hélène	en:saint-helena	0	45	27	18	21	37	27	39	14
Sainte-Lucie	en:saint-lucia	57	45	45	35	31	36	44	47	24
Samoa	en:samoa	0	6	6	0	0	0	5	7	0
Samoa américaines	en:american-samoa	0	0	0	0	0	0	0	0	0
São Tomé e Príncipe	en:sao-tome-and-principe	52	34	33	23	26	25	32	44	19
Sénégal	en:senegal	57	38	38	26	29	29	37	46	22
Serbie	en:serbia	35	11	26	19	55	21	12	55	30
Seychelles	en:seychelles	34	47	47	34	51	38	46	59	44
Sierra Leone	en:sierra-leone	59	46	46	34	38	37	45	54	30
Singapour	en:singapore	8	28	28	15	32	19	27	40	25
Slovaquie	en:slovakia	53	30	48	3	49	37	30	38	46
Slovénie	en:slovenia	58	40	47	34	81	51	40	70	61
Somalie	en:somalia	13	32	32	20	36	23	32	45	29
Soudan	en:sudan	0	0	0	0	0	0	0	1	0
Sri Lanka	en:sri-lanka	16	34	34	21	38	25	34	47	31
Suède	en:sweden	48	23	44	54	30	30	30	48	9
Suisse	en:switzerland	93	70	64	24	74	78	63	20	100
Suriname	en:suriname	41	22	22	12	10	13	22	27	3
Svalbard et Jan Mayen	en:svalbard-and-jan-mayen	0	72	74	57	30	63	73	48	23
Swaziland	en:swaziland	13	28	28	16	29	19	28	38	22
Syrie	en:syria	45	30	29	18	47	21	29	53	39
Tadjikistan	en:tajikistan	0	0	0	0	0	0	0	0	0
Taïwan	en:taiwan	0	5	5	0	9	0	4	16	2
Tanzanie	en:tanzania	0	15	15	2	19	6	14	27	11
Tchad	en:chad	0	0	0	0	0	0	0	0	0
Territoire britannique de l'océan Indien	en:british-indian-ocean-territory	0	39	39	26	43	30	38	51	36
Territoires français du Sud	en:french-southern-and-antarctic-lands	0	13	12	1	18	4	11	28	11
Territoires palestiniens	en:palestinian-territories	62	46	38	22	55	30	37	62	48
Thaïlande	en:thailand	0	12	12	0	16	3	12	25	9
Timor-Leste	en:timor-leste	0	12	12	0	16	3	11	24	9
Togo	en:togo	37	33	33	21	25	24	33	41	18
Tokelau	en:tokelau	0	7	6	0	0	0	6	10	0
Tonga	en:tonga	0	6	6	0	0	0	6	7	0
Trinité-et-Tobago	en:trinidad-and-tobago	54	42	41	31	28	33	41	44	21
Tunisie	en:tunisia	65	64	64	53	78	55	64	88	71
Turkménistan	en:turkmenistan	0	0	0	0	0	0	0	0	0
Turquie	en:turkey	6	11	11	0	28	2	10	34	21
Tuvalu	en:tuvalu	0	0	0	0	0	0	0	4	0
Ukraine	en:ukraine	15	25	25	14	42	17	25	49	35
Uruguay	en:uruguay	10	1	1	0	0	0	0	9	0
Vanuatu	en:vanuatu	0	0	0	0	0	0	0	7	0
Venezuela	en:venezuela	25	7	7	0	0	0	7	10	0
Vietnam	en:vietnam	0	0	0	0	0	0	0	0	0
Wallis et Futuna	en:wallis-and-futuna	0	6	6	0	0	0	5	7	0
Yémen	en:yemen	21	31	31	18	35	22	30	43	28
Zambie	en:zambia	0	0	0	0	0	0	0	0	0
Zimbabwe	en:zimbabwe	0	0	0	0	2	0	0	10	0
Océan Arctique	en:arctic-sea	0								
Atlantique Nord-Ouest	en:northwest-atlantic-ocean	0								
Atlantique Nord-Est	en:north-east-atlantic-ocean	66								
Atlantique Centre-Ouest	en:central-west-atlantic-ocean	0								
Atlantique Centre-Est	en:central-east-atlantic-ocean	0								
Méditéranée et mer Noire	en:mediterranean-and-black-sea	66								
Atlantique Sud-Ouest	en:southwest-atlantic-ocean	0								
Atlantique Sud-Est	en:southeast-atlantic-ocean	0								
Atlantique Antarctique	en:antartic-atlantic-ocean	0								
Océan Indien Ouest	en:western-indian-ocean	0								
Océan Indien Est	en:eastern-indian-ocean	0								
Océan Indien Antarctique	en:antartic-and-southern-indian-ocean	0								
Pacifique Nord-Ouest	en:northwest-pacific-ocean	0								
Pacifique Nord-Est	en:northeast-pacific-ocean	0								
Pacifique Centre-Ouest	en:west-central-pacific-ocean	0								
Pacifique Centre-Est	en:eastern-central-pacific-ocean	0								
Pacifique Sud-Ouest	en:southwest-pacific-ocean	0								
Pacifique Sud-Est	en:southeast-pacific-ocean	0								
Pacifique Antarctique	en:antarctic-pacific-ocean	0								
